"ENABLED","GROUP1","GROUP2","GROUP3","LABEL1","GROUP4","GROUP5","GROUP6","LABEL2","COUNT1","ENTITY1","ENTITY2","ENTITY3","ENTITY4","MAX","WHERE","ENTITY5","ENTITY6","ENTITY7","ENTITY8","SEED","start_time","end_time","status"
"TRUE","organisation","client_status","period","current","country | REGC_current | TALB_current | SA3_current | eth_* | sex | disability | deprivation_current | age_band_current",,,"Standard","snz_uid",,,,,"current_date",,"entity_cohort_edu","entity_cohort_pbn","entity_cohort_ent","entity_cohort_mha","snz_uid",,,
"TRUE","organisation","client_status","period","current","country | REGC_current | TALB_current | SA3_current | sex | disability | deprivation_current | age_band_current","eth_european",,"Standard","snz_uid",,,,,"current_date",,"entity_cohort_edu","entity_cohort_pbn","entity_cohort_ent","entity_cohort_mha","snz_uid",,,
"TRUE","organisation","client_status","period","current","country | REGC_current | TALB_current | SA3_current | sex | disability | deprivation_current | age_band_current","eth_maori",,"Standard","snz_uid",,,,,"current_date",,"entity_cohort_edu","entity_cohort_pbn","entity_cohort_ent","entity_cohort_mha","snz_uid",,,
"TRUE","organisation","client_status","period","current","country | REGC_current | TALB_current | SA3_current | sex | disability | deprivation_current | age_band_current","eth_pacific",,"Standard","snz_uid",,,,,"current_date",,"entity_cohort_edu","entity_cohort_pbn","entity_cohort_ent","entity_cohort_mha","snz_uid",,,
"TRUE","organisation","client_status","period","current","country | REGC_current | TALB_current | SA3_current | sex | disability | deprivation_current | age_band_current","eth_asian",,"Standard","snz_uid",,,,,"current_date",,"entity_cohort_edu","entity_cohort_pbn","entity_cohort_ent","entity_cohort_mha","snz_uid",,,
"TRUE","organisation","client_status","period","current","country | REGC_current | TALB_current | SA3_current | sex | disability | deprivation_current | age_band_current","eth_MELAA",,"Standard","snz_uid",,,,,"current_date",,"entity_cohort_edu","entity_cohort_pbn","entity_cohort_ent","entity_cohort_mha","snz_uid",,,
"TRUE","organisation","client_status","period","current","country | REGC_current | TALB_current | SA3_current | sex | disability | deprivation_current | age_band_current","eth_other",,"Standard","snz_uid",,,,,"current_date",,"entity_cohort_edu","entity_cohort_pbn","entity_cohort_ent","entity_cohort_mha","snz_uid",,,
"TRUE","organisation","client_status","period","current","country | REGC_current | TALB_current | SA3_current | eth_* | disability | deprivation_current | age_band_current","sex",,"Standard","snz_uid",,,,,"current_date",,"entity_cohort_edu","entity_cohort_pbn","entity_cohort_ent","entity_cohort_mha","snz_uid",,,
"TRUE","organisation","client_status","period","current","country | REGC_current | TALB_current | SA3_current | eth_* | sex | deprivation_current | age_band_current","disability",,"Standard","snz_uid",,,,,"current_date",,"entity_cohort_edu","entity_cohort_pbn","entity_cohort_ent","entity_cohort_mha","snz_uid",,,
"TRUE","organisation","client_status","period","current","country | REGC_current | TALB_current | SA3_current | eth_* | sex | disability | age_band_current","deprivation_current",,"Standard","snz_uid",,,,,"current_date",,"entity_cohort_edu","entity_cohort_pbn","entity_cohort_ent","entity_cohort_mha","snz_uid",,,
"TRUE","organisation","client_status","period","current","country | REGC_current | TALB_current | SA3_current | eth_* | sex | disability | deprivation_current","age_band_current",,"Standard","snz_uid",,,,,"current_date",,"entity_cohort_edu","entity_cohort_pbn","entity_cohort_ent","entity_cohort_mha","snz_uid",,,
"TRUE","organisation","client_status","period","reference_date","country | REGC | TALB | SA3 | eth_* | sex | disability | deprivation | age_band","age_lessthan6",,"Standard","snz_uid",,,,,"current_date",,"entity_cohort_edu","entity_cohort_pbn","entity_cohort_ent","entity_cohort_mha","snz_uid",,,
"TRUE","organisation","client_status","period","reference_date","country | REGC | TALB | SA3 | eth_* | sex | disability | deprivation | age_band","age_atleast5",,"Standard","snz_uid",,,,,"current_date",,"entity_cohort_edu","entity_cohort_pbn","entity_cohort_ent","entity_cohort_mha","snz_uid",,,
"TRUE","organisation","client_status","period","reference_date","country | REGC | TALB | SA3 | eth_* | sex | disability | deprivation | age_band","age_atleast12",,"Standard","snz_uid",,,,,"current_date",,"entity_cohort_edu","entity_cohort_pbn","entity_cohort_ent","entity_cohort_mha","snz_uid",,,
"TRUE","organisation","client_status","period","reference_date","country | REGC | TALB | SA3 | eth_* | sex | disability | deprivation | age_band","age_lessthan16",,"Standard","snz_uid",,,,,"current_date",,"entity_cohort_edu","entity_cohort_pbn","entity_cohort_ent","entity_cohort_mha","snz_uid",,,
"TRUE","organisation","client_status","period","reference_date","country | REGC | TALB | SA3 | eth_* | sex | disability | deprivation | age_band","age_atleast16",,"Standard","snz_uid",,,,,"current_date",,"entity_cohort_edu","entity_cohort_pbn","entity_cohort_ent","entity_cohort_mha","snz_uid",,,
"TRUE","organisation","client_status","period","reference_date","country | REGC | TALB | SA3 | eth_* | sex | disability | deprivation | age_band","age_lessthan18",,"Standard","snz_uid",,,,,"current_date",,"entity_cohort_edu","entity_cohort_pbn","entity_cohort_ent","entity_cohort_mha","snz_uid",,,
"TRUE","organisation","client_status","period","reference_date","country | REGC | TALB | SA3 | eth_* | sex | disability | deprivation | age_band","age_atleast18",,"Standard","snz_uid",,,,,"current_date",,"entity_cohort_edu","entity_cohort_pbn","entity_cohort_ent","entity_cohort_mha","snz_uid",,,
"TRUE","organisation","client_status","period","reference_date","country | REGC | TALB | SA3 | eth_* | sex | disability | deprivation | age_band","age_school",,"Standard","snz_uid",,,,,"current_date",,"entity_cohort_edu","entity_cohort_pbn","entity_cohort_ent","entity_cohort_mha","snz_uid",,,
"TRUE","organisation","client_status","period","reference_date","country | REGC | TALB | SA3 | eth_* | sex | disability | deprivation | age_band","age_youth",,"Standard","snz_uid",,,,,"current_date",,"entity_cohort_edu","entity_cohort_pbn","entity_cohort_ent","entity_cohort_mha","snz_uid",,,
"TRUE","organisation","client_status","period","reference_date","country | REGC | TALB | SA3 | eth_* | sex | disability | deprivation | age_band","age_imms",,"Standard","snz_uid",,,,,"current_date",,"entity_cohort_edu","entity_cohort_pbn","entity_cohort_ent","entity_cohort_mha","snz_uid",,,
"TRUE","organisation","client_status","period","reference_date","country | REGC | TALB | SA3 | eth_* | sex | disability | deprivation | age_band","had_sdq",,"Standard","snz_uid",,,,,"max_date_MOH_B4SC_date",,"entity_cohort_edu","entity_cohort_pbn","entity_cohort_ent","entity_cohort_mha","snz_uid",,,
"TRUE","organisation","client_status","period","reference_date","country | REGC | TALB | SA3 | eth_* | sex | disability | deprivation | age_band","had_peds",,"Standard","snz_uid",,,,,"max_date_MOH_B4SC_date",,"entity_cohort_edu","entity_cohort_pbn","entity_cohort_ent","entity_cohort_mha","snz_uid",,,
"TRUE","organisation","client_status","period","reference_date","country | REGC | TALB | SA3 | eth_* | sex | disability | deprivation | age_band","had_B4SC",,"Standard","snz_uid",,,,,"max_date_MOH_B4SC_date",,"entity_cohort_edu","entity_cohort_pbn","entity_cohort_ent","entity_cohort_mha","snz_uid",,,
"TRUE","organisation","client_status","period","reference_date","country | REGC | TALB | SA3 | eth_* | sex | disability | deprivation | age_band","res_age_4",,"Standard","snz_uid",,,,,"max_date_MOH_B4SC_date",,"entity_cohort_edu","entity_cohort_pbn","entity_cohort_ent","entity_cohort_mha","snz_uid",,,
"TRUE","organisation","client_status","period","reference_date","country | REGC | TALB | SA3 | eth_* | sex | disability | deprivation | age_band",,,"Standard","snz_uid",,,,,"current_date",,"entity_cohort_edu","entity_cohort_pbn","entity_cohort_ent","entity_cohort_mha","snz_uid",,,
"TRUE","organisation","client_status","period","reference_date","country | REGC | TALB | SA3 | eth_* | sex | disability | deprivation | age_band","has_mother",,"Standard","snz_uid",,,,,"current_date",,"entity_cohort_edu","entity_cohort_pbn","entity_cohort_ent","entity_cohort_mha","snz_uid",,,
"TRUE","organisation","client_status","period","reference_date","country | REGC | TALB | SA3 | eth_* | sex | disability | deprivation | age_band","has_father",,"Standard","snz_uid",,,,,"current_date",,"entity_cohort_edu","entity_cohort_pbn","entity_cohort_ent","entity_cohort_mha","snz_uid",,,
"TRUE","organisation","client_status","period","reference_date","country | REGC | TALB | SA3 | eth_* | sex | disability | deprivation | age_band","has_caregiver",,"Standard","snz_uid",,,,,"current_date",,"entity_cohort_edu","entity_cohort_pbn","entity_cohort_ent","entity_cohort_mha","snz_uid",,,
"TRUE","organisation","client_status","period","reference_date","country | REGC | TALB | SA3 | eth_* | sex | disability | deprivation | age_band","school_enrolled",,"Standard","snz_uid",,,,,"current_date",,"entity_cohort_edu","entity_cohort_pbn","entity_cohort_ent","entity_cohort_mha","snz_uid",,,
"TRUE","organisation","client_status","period","reference_date","country | REGC | TALB | SA3 | eth_* | sex | disability | deprivation | age_band",,"younger_sibling_mother_current","has_mother","snz_uid",,,,,"current_date","{ has_mother ==1 }","entity_cohort_edu","entity_cohort_pbn","entity_cohort_ent","entity_cohort_mha","snz_uid",,,
"TRUE","organisation","client_status","period","reference_date","country | REGC | TALB | SA3 | eth_* | sex | disability | deprivation | age_band",,"younger_sibling_father_current","has_father","snz_uid",,,,,"current_date","{ has_father == 1 }","entity_cohort_edu","entity_cohort_pbn","entity_cohort_ent","entity_cohort_mha","snz_uid",,,
"TRUE","organisation","client_status","period","reference_date","country | REGC | TALB | SA3 | eth_* | sex | disability | deprivation | age_band",,"JSWR_12mo","age_atleast18","snz_uid",,,,,"max_date_CM_msd_ise_main_benefit_date","{ age_atleast18 == 1 }","entity_cohort_edu","entity_cohort_pbn","entity_cohort_ent","entity_cohort_mha","snz_uid",,,
"TRUE","organisation","client_status","period","reference_date","country | REGC | TALB | SA3 | eth_* | sex | disability | deprivation | age_band",,"JSWR_6mo_12mo","age_atleast18","snz_uid",,,,,"max_date_CM_msd_ise_main_benefit_date","{ age_atleast18 == 1 }","entity_cohort_edu","entity_cohort_pbn","entity_cohort_ent","entity_cohort_mha","snz_uid",,,
"TRUE","organisation","client_status","period","reference_date","country | REGC | TALB | SA3 | eth_* | sex | disability | deprivation | age_band",,"JSWR_mother_12mo","has_mother","snz_uid",,,,,"max_date_CM_msd_ise_main_benefit_date","{ has_mother ==1 }","entity_cohort_edu","entity_cohort_pbn","entity_cohort_ent","entity_cohort_mha","snz_uid",,,
"TRUE","organisation","client_status","period","reference_date","country | REGC | TALB | SA3 | eth_* | sex | disability | deprivation | age_band",,"JSWR_mother_6mo_12mo","has_mother","snz_uid",,,,,"max_date_CM_msd_ise_main_benefit_date","{ has_mother ==1 }","entity_cohort_edu","entity_cohort_pbn","entity_cohort_ent","entity_cohort_mha","snz_uid",,,
"TRUE","organisation","client_status","period","reference_date","country | REGC | TALB | SA3 | eth_* | sex | disability | deprivation | age_band",,"JSWR_father_12mo","has_father","snz_uid",,,,,"max_date_CM_msd_ise_main_benefit_date","{ has_father == 1 }","entity_cohort_edu","entity_cohort_pbn","entity_cohort_ent","entity_cohort_mha","snz_uid",,,
"TRUE","organisation","client_status","period","reference_date","country | REGC | TALB | SA3 | eth_* | sex | disability | deprivation | age_band",,"JSWR_father_6mo_12mo","has_father","snz_uid",,,,,"max_date_CM_msd_ise_main_benefit_date","{ has_father == 1 }","entity_cohort_edu","entity_cohort_pbn","entity_cohort_ent","entity_cohort_mha","snz_uid",,,
"TRUE","organisation","client_status","period","reference_date","country | REGC | TALB | SA3 | eth_* | sex | disability | deprivation | age_band",,"SPS_12mo","age_atleast18","snz_uid",,,,,"max_date_CM_msd_ise_main_benefit_date","{ age_atleast18 == 1 }","entity_cohort_edu","entity_cohort_pbn","entity_cohort_ent","entity_cohort_mha","snz_uid",,,
"TRUE","organisation","client_status","period","reference_date","country | REGC | TALB | SA3 | eth_* | sex | disability | deprivation | age_band",,"SPS_6mo_12mo","age_atleast18","snz_uid",,,,,"max_date_CM_msd_ise_main_benefit_date","{ age_atleast18 == 1 }","entity_cohort_edu","entity_cohort_pbn","entity_cohort_ent","entity_cohort_mha","snz_uid",,,
"TRUE","organisation","client_status","period","reference_date","country | REGC | TALB | SA3 | eth_* | sex | disability | deprivation | age_band",,"SPS_mother_12mo","has_mother","snz_uid",,,,,"max_date_CM_msd_ise_main_benefit_date","{ has_mother ==1 }","entity_cohort_edu","entity_cohort_pbn","entity_cohort_ent","entity_cohort_mha","snz_uid",,,
"TRUE","organisation","client_status","period","reference_date","country | REGC | TALB | SA3 | eth_* | sex | disability | deprivation | age_band",,"SPS_mother_6mo_12mo","has_mother","snz_uid",,,,,"max_date_CM_msd_ise_main_benefit_date","{ has_mother ==1 }","entity_cohort_edu","entity_cohort_pbn","entity_cohort_ent","entity_cohort_mha","snz_uid",,,
"TRUE","organisation","client_status","period","reference_date","country | REGC | TALB | SA3 | eth_* | sex | disability | deprivation | age_band",,"SPS_father_12mo","has_father","snz_uid",,,,,"max_date_CM_msd_ise_main_benefit_date","{ has_father == 1 }","entity_cohort_edu","entity_cohort_pbn","entity_cohort_ent","entity_cohort_mha","snz_uid",,,
"TRUE","organisation","client_status","period","reference_date","country | REGC | TALB | SA3 | eth_* | sex | disability | deprivation | age_band",,"SPS_father_6mo_12mo","has_father","snz_uid",,,,,"max_date_CM_msd_ise_main_benefit_date","{ has_father == 1 }","entity_cohort_edu","entity_cohort_pbn","entity_cohort_ent","entity_cohort_mha","snz_uid",,,
"TRUE","organisation","client_status","period","reference_date","country | REGC | TALB | SA3 | eth_* | sex | disability | deprivation | age_band",,"main_benefit_12mo","age_atleast16","snz_uid",,,,,"max_date_CM_msd_ise_main_benefit_date","{ age_atleast16 == 1 }","entity_cohort_edu","entity_cohort_pbn","entity_cohort_ent","entity_cohort_mha","snz_uid",,,
"TRUE","organisation","client_status","period","reference_date","country | REGC | TALB | SA3 | eth_* | sex | disability | deprivation | age_band",,"main_benefit_6mo_12mo","age_atleast16","snz_uid",,,,,"max_date_CM_msd_ise_main_benefit_date","{ age_atleast16 == 1 }","entity_cohort_edu","entity_cohort_pbn","entity_cohort_ent","entity_cohort_mha","snz_uid",,,
"TRUE","organisation","client_status","period","reference_date","country | REGC | TALB | SA3 | eth_* | sex | disability | deprivation | age_band",,"main_benefit_mother_12mo","has_mother","snz_uid",,,,,"max_date_CM_msd_ise_main_benefit_date","{ has_mother ==1 }","entity_cohort_edu","entity_cohort_pbn","entity_cohort_ent","entity_cohort_mha","snz_uid",,,
"TRUE","organisation","client_status","period","reference_date","country | REGC | TALB | SA3 | eth_* | sex | disability | deprivation | age_band",,"main_benefit_mother_6mo_12mo","has_mother","snz_uid",,,,,"max_date_CM_msd_ise_main_benefit_date","{ has_mother ==1 }","entity_cohort_edu","entity_cohort_pbn","entity_cohort_ent","entity_cohort_mha","snz_uid",,,
"TRUE","organisation","client_status","period","reference_date","country | REGC | TALB | SA3 | eth_* | sex | disability | deprivation | age_band",,"main_benefit_father_12mo","has_father","snz_uid",,,,,"max_date_CM_msd_ise_main_benefit_date","{ has_father == 1 }","entity_cohort_edu","entity_cohort_pbn","entity_cohort_ent","entity_cohort_mha","snz_uid",,,
"TRUE","organisation","client_status","period","reference_date","country | REGC | TALB | SA3 | eth_* | sex | disability | deprivation | age_band",,"main_benefit_father_6mo_12mo","has_father","snz_uid",,,,,"max_date_CM_msd_ise_main_benefit_date","{ has_father == 1 }","entity_cohort_edu","entity_cohort_pbn","entity_cohort_ent","entity_cohort_mha","snz_uid",,,
"TRUE","organisation","client_status","period","reference_date","country | REGC | TALB | SA3 | eth_* | sex | disability | deprivation | age_band",,"employed_12mo","age_atleast16","snz_uid",,,,,"max_date_IRD_ems_date","{ age_atleast16 == 1 }","entity_cohort_edu","entity_cohort_pbn","entity_cohort_ent","entity_cohort_mha","snz_uid",,,
"TRUE","organisation","client_status","period","reference_date","country | REGC | TALB | SA3 | eth_* | sex | disability | deprivation | age_band",,"employed_6mo_12mo","age_atleast16","snz_uid",,,,,"max_date_IRD_ems_date","{ age_atleast16 == 1 }","entity_cohort_edu","entity_cohort_pbn","entity_cohort_ent","entity_cohort_mha","snz_uid",,,
"TRUE","organisation","client_status","period","reference_date","country | REGC | TALB | SA3 | eth_* | sex | disability | deprivation | age_band",,"employed_mother_12mo","has_mother","snz_uid",,,,,"max_date_IRD_ems_date","{ has_mother ==1 }","entity_cohort_edu","entity_cohort_pbn","entity_cohort_ent","entity_cohort_mha","snz_uid",,,
"TRUE","organisation","client_status","period","reference_date","country | REGC | TALB | SA3 | eth_* | sex | disability | deprivation | age_band",,"employed_mother_6mo_12mo","has_mother","snz_uid",,,,,"max_date_IRD_ems_date","{ has_mother ==1 }","entity_cohort_edu","entity_cohort_pbn","entity_cohort_ent","entity_cohort_mha","snz_uid",,,
"TRUE","organisation","client_status","period","reference_date","country | REGC | TALB | SA3 | eth_* | sex | disability | deprivation | age_band",,"employed_father_12mo","has_father","snz_uid",,,,,"max_date_IRD_ems_date","{ has_father == 1 }","entity_cohort_edu","entity_cohort_pbn","entity_cohort_ent","entity_cohort_mha","snz_uid",,,
"TRUE","organisation","client_status","period","reference_date","country | REGC | TALB | SA3 | eth_* | sex | disability | deprivation | age_band",,"employed_father_6mo_12mo","has_father","snz_uid",,,,,"max_date_IRD_ems_date","{ has_father == 1 }","entity_cohort_edu","entity_cohort_pbn","entity_cohort_ent","entity_cohort_mha","snz_uid",,,
"TRUE","organisation","client_status","period","reference_date","country | REGC | TALB | SA3 | eth_* | sex | disability | deprivation | age_band",,"neet_12mo","age_youth","snz_uid",,,,,"max_date_NEET_date","{ age_youth == 1 }","entity_cohort_edu","entity_cohort_pbn","entity_cohort_ent","entity_cohort_mha","snz_uid",,,
"TRUE","organisation","client_status","period","reference_date","country | REGC | TALB | SA3 | eth_* | sex | disability | deprivation | age_band",,"neet_6mo_12mo","age_youth","snz_uid",,,,,"max_date_NEET_date","{ age_youth == 1 }","entity_cohort_edu","entity_cohort_pbn","entity_cohort_ent","entity_cohort_mha","snz_uid",,,
"TRUE","organisation","client_status","period","reference_date","country | REGC | TALB | SA3 | eth_* | sex | disability | deprivation | age_band",,"dl_holder_full_current","age_atleast16","snz_uid",,,,,"max_date_CM_nzta_driver_licences_status_date","{ age_atleast16 == 1 }","entity_cohort_edu","entity_cohort_pbn","entity_cohort_ent","entity_cohort_mha","snz_uid",,,
"TRUE","organisation","client_status","period","reference_date","country | REGC | TALB | SA3 | eth_* | sex | disability | deprivation | age_band",,"dl_holder_current","age_atleast16","snz_uid",,,,,"max_date_CM_nzta_driver_licences_status_date","{ age_atleast16 == 1 }","entity_cohort_edu","entity_cohort_pbn","entity_cohort_ent","entity_cohort_mha","snz_uid",,,
"TRUE","organisation","client_status","period","reference_date","country | REGC | TALB | SA3 | eth_* | sex | disability | deprivation | age_band",,"dl_holder_full_mother_current","has_mother","snz_uid",,,,,"max_date_CM_nzta_driver_licences_status_date","{ has_mother ==1 }","entity_cohort_edu","entity_cohort_pbn","entity_cohort_ent","entity_cohort_mha","snz_uid",,,
"TRUE","organisation","client_status","period","reference_date","country | REGC | TALB | SA3 | eth_* | sex | disability | deprivation | age_band",,"dl_holder_mother_current","has_mother","snz_uid",,,,,"max_date_CM_nzta_driver_licences_status_date","{ has_mother ==1 }","entity_cohort_edu","entity_cohort_pbn","entity_cohort_ent","entity_cohort_mha","snz_uid",,,
"TRUE","organisation","client_status","period","reference_date","country | REGC | TALB | SA3 | eth_* | sex | disability | deprivation | age_band",,"dl_holder_full_father_current","has_father","snz_uid",,,,,"max_date_CM_nzta_driver_licences_status_date","{ has_father == 1 }","entity_cohort_edu","entity_cohort_pbn","entity_cohort_ent","entity_cohort_mha","snz_uid",,,
"TRUE","organisation","client_status","period","reference_date","country | REGC | TALB | SA3 | eth_* | sex | disability | deprivation | age_band",,"dl_holder_father_current","has_father","snz_uid",,,,,"max_date_CM_nzta_driver_licences_status_date","{ has_father == 1 }","entity_cohort_edu","entity_cohort_pbn","entity_cohort_ent","entity_cohort_mha","snz_uid",,,
"TRUE","organisation","client_status","period","reference_date","country | REGC | TALB | SA3 | eth_* | sex | disability | deprivation | age_band",,"Hospitalisations_12mo","Standard","snz_uid",,,,,"max_date_MOH_public_hospital_event_date",,"entity_cohort_edu","entity_cohort_pbn","entity_cohort_ent","entity_cohort_mha","snz_uid",,,
"TRUE","organisation","client_status","period","reference_date","country | REGC | TALB | SA3 | eth_* | sex | disability | deprivation | age_band",,"Hospitalisations_mother_12mo","has_mother","snz_uid",,,,,"max_date_MOH_public_hospital_event_date","{ has_mother ==1 }","entity_cohort_edu","entity_cohort_pbn","entity_cohort_ent","entity_cohort_mha","snz_uid",,,
"TRUE","organisation","client_status","period","reference_date","country | REGC | TALB | SA3 | eth_* | sex | disability | deprivation | age_band",,"Hospitalisations_father_12mo","has_father","snz_uid",,,,,"max_date_MOH_public_hospital_event_date","{ has_father == 1 }","entity_cohort_edu","entity_cohort_pbn","entity_cohort_ent","entity_cohort_mha","snz_uid",,,
"TRUE","organisation","client_status","period","reference_date","country | REGC | TALB | SA3 | eth_* | sex | disability | deprivation | age_band",,"pharmaceutical_drugs_12mo","Standard","snz_uid",,,,,"max_date_MOH_pharmaceutical_date",,"entity_cohort_edu","entity_cohort_pbn","entity_cohort_ent","entity_cohort_mha","snz_uid",,,
"TRUE","organisation","client_status","period","reference_date","country | REGC | TALB | SA3 | eth_* | sex | disability | deprivation | age_band",,"pharmaceutical_drugs_mother_12mo","has_mother","snz_uid",,,,,"max_date_MOH_pharmaceutical_date","{ has_mother ==1 }","entity_cohort_edu","entity_cohort_pbn","entity_cohort_ent","entity_cohort_mha","snz_uid",,,
"TRUE","organisation","client_status","period","reference_date","country | REGC | TALB | SA3 | eth_* | sex | disability | deprivation | age_band",,"pharmaceutical_drugs_father_12mo","has_father","snz_uid",,,,,"max_date_MOH_pharmaceutical_date","{ has_father == 1 }","entity_cohort_edu","entity_cohort_pbn","entity_cohort_ent","entity_cohort_mha","snz_uid",,,
"TRUE","organisation","client_status","period","reference_date","country | REGC | TALB | SA3 | eth_* | sex | disability | deprivation | age_band",,"pho_enrolment_current","Standard","snz_uid",,,,,"max_date_MOH_nes_enrolment_date",,"entity_cohort_edu","entity_cohort_pbn","entity_cohort_ent","entity_cohort_mha","snz_uid",,,
"TRUE","organisation","client_status","period","reference_date","country | REGC | TALB | SA3 | eth_* | sex | disability | deprivation | age_band",,"pho_enrolment_mother_current","has_mother","snz_uid",,,,,"max_date_MOH_nes_enrolment_date","{ has_mother ==1 }","entity_cohort_edu","entity_cohort_pbn","entity_cohort_ent","entity_cohort_mha","snz_uid",,,
"TRUE","organisation","client_status","period","reference_date","country | REGC | TALB | SA3 | eth_* | sex | disability | deprivation | age_band",,"pho_enrolment_father_current","has_father","snz_uid",,,,,"max_date_MOH_nes_enrolment_date","{ has_father == 1 }","entity_cohort_edu","entity_cohort_pbn","entity_cohort_ent","entity_cohort_mha","snz_uid",,,
"TRUE","organisation","client_status","period","reference_date","country | REGC | TALB | SA3 | eth_* | sex | disability | deprivation | age_band",,"acc_injuries_12mo","Standard","snz_uid",,,,,"max_date_ACC_claims_date",,"entity_cohort_edu","entity_cohort_pbn","entity_cohort_ent","entity_cohort_mha","snz_uid",,,
"TRUE","organisation","client_status","period","reference_date","country | REGC | TALB | SA3 | eth_* | sex | disability | deprivation | age_band",,"acc_injuries_mother_12mo","has_mother","snz_uid",,,,,"max_date_ACC_claims_date","{ has_mother ==1 }","entity_cohort_edu","entity_cohort_pbn","entity_cohort_ent","entity_cohort_mha","snz_uid",,,
"TRUE","organisation","client_status","period","reference_date","country | REGC | TALB | SA3 | eth_* | sex | disability | deprivation | age_band",,"acc_injuries_father_12mo","has_father","snz_uid",,,,,"max_date_ACC_claims_date","{ has_father == 1 }","entity_cohort_edu","entity_cohort_pbn","entity_cohort_ent","entity_cohort_mha","snz_uid",,,
"TRUE","organisation","client_status","period","reference_date","country | REGC | TALB | SA3 | eth_* | sex | disability | deprivation | age_band",,"MHA_service_ever","Standard","snz_uid",,,,"MHA_entity_ever","max_date_MOH_primhd_date",,"entity_cohort_edu","entity_cohort_pbn","entity_cohort_ent","entity_cohort_mha","snz_uid",,,
"TRUE","organisation","client_status","period","reference_date","country | REGC | TALB | SA3 | eth_* | sex | disability | deprivation | age_band",,"MHA_service_mother_ever","has_mother","snz_uid",,,,"MHA_entity_mother_ever","max_date_MOH_primhd_date","{ has_mother ==1 }","entity_cohort_edu","entity_cohort_pbn","entity_cohort_ent","entity_cohort_mha","snz_uid",,,
"TRUE","organisation","client_status","period","reference_date","country | REGC | TALB | SA3 | eth_* | sex | disability | deprivation | age_band",,"MHA_service_father_ever","has_father","snz_uid",,,,"MHA_entity_father_ever","max_date_MOH_primhd_date","{ has_father == 1 }","entity_cohort_edu","entity_cohort_pbn","entity_cohort_ent","entity_cohort_mha","snz_uid",,,
"TRUE","organisation","client_status","period","reference_date","country | REGC | TALB | SA3 | eth_* | sex | disability | deprivation | age_band",,"MHA_service_12mo","Standard","snz_uid",,,,"MHA_entity_12mo","max_date_MOH_primhd_date",,"entity_cohort_edu","entity_cohort_pbn","entity_cohort_ent","entity_cohort_mha","snz_uid",,,
"TRUE","organisation","client_status","period","reference_date","country | REGC | TALB | SA3 | eth_* | sex | disability | deprivation | age_band",,"MHA_service_mother_12mo","has_mother","snz_uid",,,,"MHA_entity_mother_12mo","max_date_MOH_primhd_date","{ has_mother ==1 }","entity_cohort_edu","entity_cohort_pbn","entity_cohort_ent","entity_cohort_mha","snz_uid",,,
"TRUE","organisation","client_status","period","reference_date","country | REGC | TALB | SA3 | eth_* | sex | disability | deprivation | age_band",,"MHA_service_father_12mo","has_father","snz_uid",,,,"MHA_entity_father_12mo","max_date_MOH_primhd_date","{ has_father == 1 }","entity_cohort_edu","entity_cohort_pbn","entity_cohort_ent","entity_cohort_mha","snz_uid",,,
"TRUE","organisation","client_status","period","reference_date","country | REGC | TALB | SA3 | eth_* | sex | disability | deprivation | age_band",,"ED_visits_12mo","Standard","snz_uid",,,,,"max_date_MOH_nnpac_date",,"entity_cohort_edu","entity_cohort_pbn","entity_cohort_ent","entity_cohort_mha","snz_uid",,,
"TRUE","organisation","client_status","period","reference_date","country | REGC | TALB | SA3 | eth_* | sex | disability | deprivation | age_band",,"ED_visits_mother_12mo","has_mother","snz_uid",,,,,"max_date_MOH_nnpac_date","{ has_mother ==1 }","entity_cohort_edu","entity_cohort_pbn","entity_cohort_ent","entity_cohort_mha","snz_uid",,,
"TRUE","organisation","client_status","period","reference_date","country | REGC | TALB | SA3 | eth_* | sex | disability | deprivation | age_band",,"ED_visits_father_12mo","has_father","snz_uid",,,,,"max_date_MOH_nnpac_date","{ has_father == 1 }","entity_cohort_edu","entity_cohort_pbn","entity_cohort_ent","entity_cohort_mha","snz_uid",,,
"TRUE","organisation","client_status","period","reference_date","country | REGC | TALB | SA3 | eth_* | sex | disability | deprivation | age_band",,"avoid_hosp_ash_pah_12mo","Standard","snz_uid",,,,,"max_date_MOH_nnpac_date",,"entity_cohort_edu","entity_cohort_pbn","entity_cohort_ent","entity_cohort_mha","snz_uid",,,
"TRUE","organisation","client_status","period","reference_date","country | REGC | TALB | SA3 | eth_* | sex | disability | deprivation | age_band",,"avoid_hosp_ash_pah_mother_12mo","has_mother","snz_uid",,,,,"max_date_MOH_nnpac_date","{ has_mother ==1 }","entity_cohort_edu","entity_cohort_pbn","entity_cohort_ent","entity_cohort_mha","snz_uid",,,
"TRUE","organisation","client_status","period","reference_date","country | REGC | TALB | SA3 | eth_* | sex | disability | deprivation | age_band",,"avoid_hosp_ash_pah_father_12mo","has_father","snz_uid",,,,,"max_date_MOH_nnpac_date","{ has_father == 1 }","entity_cohort_edu","entity_cohort_pbn","entity_cohort_ent","entity_cohort_mha","snz_uid",,,
"TRUE","organisation","client_status","period","reference_date","country | REGC | TALB | SA3 | eth_* | sex | disability | deprivation | age_band",,"below_med_income_12mo","age_atleast16","snz_uid",,,,,"max_date_CM_income_t2_total_income_date","{ age_atleast16 == 1 }","entity_cohort_edu","entity_cohort_pbn","entity_cohort_ent","entity_cohort_mha","snz_uid",,,
"TRUE","organisation","client_status","period","reference_date","country | REGC | TALB | SA3 | eth_* | sex | disability | deprivation | age_band",,"below_med_income_mother_12mo","has_mother","snz_uid",,,,,"max_date_CM_income_t2_total_income_date","{ has_mother ==1 }","entity_cohort_edu","entity_cohort_pbn","entity_cohort_ent","entity_cohort_mha","snz_uid",,,
"TRUE","organisation","client_status","period","reference_date","country | REGC | TALB | SA3 | eth_* | sex | disability | deprivation | age_band",,"below_med_income_father_12mo","has_father","snz_uid",,,,,"max_date_CM_income_t2_total_income_date","{ has_father == 1 }","entity_cohort_edu","entity_cohort_pbn","entity_cohort_ent","entity_cohort_mha","snz_uid",,,
"TRUE","organisation","client_status","period","reference_date","country | REGC | TALB | SA3 | eth_* | sex | disability | deprivation | age_band",,"ot_report_concern_12mo","age_lessthan18","snz_uid",,,,,"max_date_CYF_investigations_date","{ age_lessthan18 == 1 }","entity_cohort_edu","entity_cohort_pbn","entity_cohort_ent","entity_cohort_mha","snz_uid",,,
"TRUE","organisation","client_status","period","reference_date","country | REGC | TALB | SA3 | eth_* | sex | disability | deprivation | age_band",,"ot_investigation_12mo","age_lessthan18","snz_uid",,,,,"max_date_CYF_investigations_date","{ age_lessthan18 == 1 }","entity_cohort_edu","entity_cohort_pbn","entity_cohort_ent","entity_cohort_mha","snz_uid",,,
"TRUE","organisation","client_status","period","reference_date","country | REGC | TALB | SA3 | eth_* | sex | disability | deprivation | age_band",,"ot_fgc_12mo","age_lessthan18","snz_uid",,,,,"max_date_CYF_fgc_date","{ age_lessthan18 == 1 }","entity_cohort_edu","entity_cohort_pbn","entity_cohort_ent","entity_cohort_mha","snz_uid",,,
"TRUE","organisation","client_status","period","reference_date","country | REGC | TALB | SA3 | eth_* | sex | disability | deprivation | age_band",,"ot_placement_12mo","age_lessthan18","snz_uid",,,,,"max_date_CYF_placements_date","{ age_lessthan18 == 1 }","entity_cohort_edu","entity_cohort_pbn","entity_cohort_ent","entity_cohort_mha","snz_uid",,,
"TRUE","organisation","client_status","period","reference_date","country | REGC | TALB | SA3 | eth_* | sex | disability | deprivation | age_band",,"ot_report_concern_ever","Standard","snz_uid",,,,,"max_date_CYF_placements_date",,"entity_cohort_edu","entity_cohort_pbn","entity_cohort_ent","entity_cohort_mha","snz_uid",,,
"TRUE","organisation","client_status","period","reference_date","country | REGC | TALB | SA3 | eth_* | sex | disability | deprivation | age_band",,"ot_investigation_ever","Standard","snz_uid",,,,,"max_date_CYF_investigations_date",,"entity_cohort_edu","entity_cohort_pbn","entity_cohort_ent","entity_cohort_mha","snz_uid",,,
"TRUE","organisation","client_status","period","reference_date","country | REGC | TALB | SA3 | eth_* | sex | disability | deprivation | age_band",,"ot_fgc_ever","Standard","snz_uid",,,,,"max_date_CYF_fgc_date",,"entity_cohort_edu","entity_cohort_pbn","entity_cohort_ent","entity_cohort_mha","snz_uid",,,
"TRUE","organisation","client_status","period","reference_date","country | REGC | TALB | SA3 | eth_* | sex | disability | deprivation | age_band",,"ot_placement_ever","Standard","snz_uid",,,,,"max_date_CYF_placements_date",,"entity_cohort_edu","entity_cohort_pbn","entity_cohort_ent","entity_cohort_mha","snz_uid",,,
"TRUE","organisation","client_status","period","reference_date","country | REGC | TALB | SA3 | eth_* | sex | disability | deprivation | age_band",,"crime_victimisations_12mo","Standard","snz_uid",,,,,"max_date_POL_pre_count_victims_date",,"entity_cohort_edu","entity_cohort_pbn","entity_cohort_ent","entity_cohort_mha","snz_uid",,,
"TRUE","organisation","client_status","period","reference_date","country | REGC | TALB | SA3 | eth_* | sex | disability | deprivation | age_band",,"crime_victimisations_mother_12mo","has_mother","snz_uid",,,,,"max_date_POL_pre_count_victims_date","{ has_mother ==1 }","entity_cohort_edu","entity_cohort_pbn","entity_cohort_ent","entity_cohort_mha","snz_uid",,,
"TRUE","organisation","client_status","period","reference_date","country | REGC | TALB | SA3 | eth_* | sex | disability | deprivation | age_band",,"crime_victimisations_father_12mo","has_father","snz_uid",,,,,"max_date_POL_pre_count_victims_date","{ has_father == 1 }","entity_cohort_edu","entity_cohort_pbn","entity_cohort_ent","entity_cohort_mha","snz_uid",,,
"TRUE","organisation","client_status","period","reference_date","country | REGC | TALB | SA3 | eth_* | sex | disability | deprivation | age_band",,"FVSV_victim_12mo","Standard","snz_uid",,,,,"max_date_CM_family_sexual_violence_date",,"entity_cohort_edu","entity_cohort_pbn","entity_cohort_ent","entity_cohort_mha","snz_uid",,,
"TRUE","organisation","client_status","period","reference_date","country | REGC | TALB | SA3 | eth_* | sex | disability | deprivation | age_band",,"FVSV_victim_mother_12mo","has_mother","snz_uid",,,,,"max_date_CM_family_sexual_violence_date","{ has_mother ==1 }","entity_cohort_edu","entity_cohort_pbn","entity_cohort_ent","entity_cohort_mha","snz_uid",,,
"TRUE","organisation","client_status","period","reference_date","country | REGC | TALB | SA3 | eth_* | sex | disability | deprivation | age_band",,"FVSV_victim_father_12mo","has_father","snz_uid",,,,,"max_date_CM_family_sexual_violence_date","{ has_father == 1 }","entity_cohort_edu","entity_cohort_pbn","entity_cohort_ent","entity_cohort_mha","snz_uid",,,
"TRUE","organisation","client_status","period","reference_date","country | REGC | TALB | SA3 | eth_* | sex | disability | deprivation | age_band",,"FVSV_victim_ever","Standard","snz_uid",,,,,"max_date_CM_family_sexual_violence_date",,"entity_cohort_edu","entity_cohort_pbn","entity_cohort_ent","entity_cohort_mha","snz_uid",,,
"TRUE","organisation","client_status","period","reference_date","country | REGC | TALB | SA3 | eth_* | sex | disability | deprivation | age_band",,"FVSV_victim_mother_ever","has_mother","snz_uid",,,,,"max_date_CM_family_sexual_violence_date","{ has_mother ==1 }","entity_cohort_edu","entity_cohort_pbn","entity_cohort_ent","entity_cohort_mha","snz_uid",,,
"TRUE","organisation","client_status","period","reference_date","country | REGC | TALB | SA3 | eth_* | sex | disability | deprivation | age_band",,"FVSV_victim_father_ever","has_father","snz_uid",,,,,"max_date_CM_family_sexual_violence_date","{ has_father == 1 }","entity_cohort_edu","entity_cohort_pbn","entity_cohort_ent","entity_cohort_mha","snz_uid",,,
"TRUE","organisation","client_status","period","reference_date","country | REGC | TALB | SA3 | eth_* | sex | disability | deprivation | age_band",,"offences_ever","age_atleast12","snz_uid",,,,,"max_date_POL_pre_count_offenders_date","{ age_atleast12 == 1 }","entity_cohort_edu","entity_cohort_pbn","entity_cohort_ent","entity_cohort_mha","snz_uid",,,
"TRUE","organisation","client_status","period","reference_date","country | REGC | TALB | SA3 | eth_* | sex | disability | deprivation | age_band",,"offences_12mo","age_atleast12","snz_uid",,,,,"max_date_POL_pre_count_offenders_date","{ age_atleast12 == 1 }","entity_cohort_edu","entity_cohort_pbn","entity_cohort_ent","entity_cohort_mha","snz_uid",,,
"TRUE","organisation","client_status","period","reference_date","country | REGC | TALB | SA3 | eth_* | sex | disability | deprivation | age_band",,"alcohol_offences_12mo","age_atleast12","snz_uid",,,,,"max_date_POL_pre_count_offenders_date","{ age_atleast12 == 1 }","entity_cohort_edu","entity_cohort_pbn","entity_cohort_ent","entity_cohort_mha","snz_uid",,,
"TRUE","organisation","client_status","period","reference_date","country | REGC | TALB | SA3 | eth_* | sex | disability | deprivation | age_band",,"violent_offences_12mo","age_atleast12","snz_uid",,,,,"max_date_POL_pre_count_offenders_date","{ age_atleast12 == 1 }","entity_cohort_edu","entity_cohort_pbn","entity_cohort_ent","entity_cohort_mha","snz_uid",,,
"TRUE","organisation","client_status","period","reference_date","country | REGC | TALB | SA3 | eth_* | sex | disability | deprivation | age_band",,"non_violent_offences_12mo","age_atleast12","snz_uid",,,,,"max_date_POL_pre_count_offenders_date","{ age_atleast12 == 1 }","entity_cohort_edu","entity_cohort_pbn","entity_cohort_ent","entity_cohort_mha","snz_uid",,,
"TRUE","organisation","client_status","period","reference_date","country | REGC | TALB | SA3 | eth_* | sex | disability | deprivation | age_band",,"drug_offences_12mo","age_atleast12","snz_uid",,,,,"max_date_POL_pre_count_offenders_date","{ age_atleast12 == 1 }","entity_cohort_edu","entity_cohort_pbn","entity_cohort_ent","entity_cohort_mha","snz_uid",,,
"TRUE","organisation","client_status","period","reference_date","country | REGC | TALB | SA3 | eth_* | sex | disability | deprivation | age_band",,"alcohol_offences_mother_12mo","has_mother","snz_uid",,,,,"max_date_POL_pre_count_offenders_date","{ has_mother ==1 }","entity_cohort_edu","entity_cohort_pbn","entity_cohort_ent","entity_cohort_mha","snz_uid",,,
"TRUE","organisation","client_status","period","reference_date","country | REGC | TALB | SA3 | eth_* | sex | disability | deprivation | age_band",,"violent_offences_mother_12mo","has_mother","snz_uid",,,,,"max_date_POL_pre_count_offenders_date","{ has_mother ==1 }","entity_cohort_edu","entity_cohort_pbn","entity_cohort_ent","entity_cohort_mha","snz_uid",,,
"TRUE","organisation","client_status","period","reference_date","country | REGC | TALB | SA3 | eth_* | sex | disability | deprivation | age_band",,"non_violent_offences_mother_12mo","has_mother","snz_uid",,,,,"max_date_POL_pre_count_offenders_date","{ has_mother ==1 }","entity_cohort_edu","entity_cohort_pbn","entity_cohort_ent","entity_cohort_mha","snz_uid",,,
"TRUE","organisation","client_status","period","reference_date","country | REGC | TALB | SA3 | eth_* | sex | disability | deprivation | age_band",,"drug_offences_mother_12mo","has_mother","snz_uid",,,,,"max_date_POL_pre_count_offenders_date","{ has_mother ==1 }","entity_cohort_edu","entity_cohort_pbn","entity_cohort_ent","entity_cohort_mha","snz_uid",,,
"TRUE","organisation","client_status","period","reference_date","country | REGC | TALB | SA3 | eth_* | sex | disability | deprivation | age_band",,"alcohol_offences_father_12mo","has_father","snz_uid",,,,,"max_date_POL_pre_count_offenders_date","{ has_father == 1 }","entity_cohort_edu","entity_cohort_pbn","entity_cohort_ent","entity_cohort_mha","snz_uid",,,
"TRUE","organisation","client_status","period","reference_date","country | REGC | TALB | SA3 | eth_* | sex | disability | deprivation | age_band",,"violent_offences_father_12mo","has_father","snz_uid",,,,,"max_date_POL_pre_count_offenders_date","{ has_father == 1 }","entity_cohort_edu","entity_cohort_pbn","entity_cohort_ent","entity_cohort_mha","snz_uid",,,
"TRUE","organisation","client_status","period","reference_date","country | REGC | TALB | SA3 | eth_* | sex | disability | deprivation | age_band",,"non_violent_offences_father_12mo","has_father","snz_uid",,,,,"max_date_POL_pre_count_offenders_date","{ has_father == 1 }","entity_cohort_edu","entity_cohort_pbn","entity_cohort_ent","entity_cohort_mha","snz_uid",,,
"TRUE","organisation","client_status","period","reference_date","country | REGC | TALB | SA3 | eth_* | sex | disability | deprivation | age_band",,"drug_offences_father_12mo","has_father","snz_uid",,,,,"max_date_POL_pre_count_offenders_date","{ has_father == 1 }","entity_cohort_edu","entity_cohort_pbn","entity_cohort_ent","entity_cohort_mha","snz_uid",,,
"TRUE","organisation","client_status","period","reference_date","country | REGC | TALB | SA3 | eth_* | sex | disability | deprivation | age_band",,"police_interactions_any_12mo","Standard","snz_uid",,,,,"max_date_POL_nia_links_date",,"entity_cohort_edu","entity_cohort_pbn","entity_cohort_ent","entity_cohort_mha","snz_uid",,,
"TRUE","organisation","client_status","period","reference_date","country | REGC | TALB | SA3 | eth_* | sex | disability | deprivation | age_band",,"police_interactions_any_mother_12mo","has_mother","snz_uid",,,,,"max_date_POL_nia_links_date","{ has_mother ==1 }","entity_cohort_edu","entity_cohort_pbn","entity_cohort_ent","entity_cohort_mha","snz_uid",,,
"TRUE","organisation","client_status","period","reference_date","country | REGC | TALB | SA3 | eth_* | sex | disability | deprivation | age_band",,"police_interactions_any_father_12mo","has_father","snz_uid",,,,,"max_date_POL_nia_links_date","{ has_father == 1 }","entity_cohort_edu","entity_cohort_pbn","entity_cohort_ent","entity_cohort_mha","snz_uid",,,
"TRUE","organisation","client_status","period","reference_date","country | REGC | TALB | SA3 | eth_* | sex | disability | deprivation | age_band",,"court_charges_12mo","age_atleast12","snz_uid",,,,,"max_date_MOJ_charges_date","{ age_atleast12 == 1 }","entity_cohort_edu","entity_cohort_pbn","entity_cohort_ent","entity_cohort_mha","snz_uid",,,
"TRUE","organisation","client_status","period","reference_date","country | REGC | TALB | SA3 | eth_* | sex | disability | deprivation | age_band",,"court_charges_mother_12mo","has_mother","snz_uid",,,,,"max_date_MOJ_charges_date","{ has_mother ==1 }","entity_cohort_edu","entity_cohort_pbn","entity_cohort_ent","entity_cohort_mha","snz_uid",,,
"TRUE","organisation","client_status","period","reference_date","country | REGC | TALB | SA3 | eth_* | sex | disability | deprivation | age_band",,"court_charges_father_12mo","has_father","snz_uid",,,,,"max_date_MOJ_charges_date","{ has_father == 1 }","entity_cohort_edu","entity_cohort_pbn","entity_cohort_ent","entity_cohort_mha","snz_uid",,,
"TRUE","organisation","client_status","period","reference_date","country | REGC | TALB | SA3 | eth_* | sex | disability | deprivation | age_band",,"court_charges_ever","age_atleast12","snz_uid",,,,,"max_date_MOJ_charges_date","{ age_atleast12 == 1 }","entity_cohort_edu","entity_cohort_pbn","entity_cohort_ent","entity_cohort_mha","snz_uid",,,
"TRUE","organisation","client_status","period","reference_date","country | REGC | TALB | SA3 | eth_* | sex | disability | deprivation | age_band",,"court_charges_mother_ever","has_mother","snz_uid",,,,,"max_date_MOJ_charges_date","{ has_mother ==1 }","entity_cohort_edu","entity_cohort_pbn","entity_cohort_ent","entity_cohort_mha","snz_uid",,,
"TRUE","organisation","client_status","period","reference_date","country | REGC | TALB | SA3 | eth_* | sex | disability | deprivation | age_band",,"court_charges_father_ever","has_father","snz_uid",,,,,"max_date_MOJ_charges_date","{ has_father == 1 }","entity_cohort_edu","entity_cohort_pbn","entity_cohort_ent","entity_cohort_mha","snz_uid",,,
"TRUE","organisation","client_status","period","reference_date","country | REGC | TALB | SA3 | eth_* | sex | disability | deprivation | age_band",,"corr_any_12mo","age_atleast18","snz_uid",,,,,"max_date_COR_management_date","{ age_atleast18 == 1 }","entity_cohort_edu","entity_cohort_pbn","entity_cohort_ent","entity_cohort_mha","snz_uid",,,
"TRUE","organisation","client_status","period","reference_date","country | REGC | TALB | SA3 | eth_* | sex | disability | deprivation | age_band",,"corr_any_mother_12mo","has_mother","snz_uid",,,,,"max_date_COR_management_date","{ has_mother ==1 }","entity_cohort_edu","entity_cohort_pbn","entity_cohort_ent","entity_cohort_mha","snz_uid",,,
"TRUE","organisation","client_status","period","reference_date","country | REGC | TALB | SA3 | eth_* | sex | disability | deprivation | age_band",,"corr_any_father_12mo","has_father","snz_uid",,,,,"max_date_COR_management_date","{ has_father == 1 }","entity_cohort_edu","entity_cohort_pbn","entity_cohort_ent","entity_cohort_mha","snz_uid",,,
"TRUE","organisation","client_status","period","reference_date","country | REGC | TALB | SA3 | eth_* | sex | disability | deprivation | age_band",,"corr_incarcerated_12mo","age_atleast18","snz_uid",,,,,"max_date_COR_management_date","{ age_atleast18 == 1 }","entity_cohort_edu","entity_cohort_pbn","entity_cohort_ent","entity_cohort_mha","snz_uid",,,
"TRUE","organisation","client_status","period","reference_date","country | REGC | TALB | SA3 | eth_* | sex | disability | deprivation | age_band",,"corr_incarcerated_mother_12mo","has_mother","snz_uid",,,,,"max_date_COR_management_date","{ has_mother ==1 }","entity_cohort_edu","entity_cohort_pbn","entity_cohort_ent","entity_cohort_mha","snz_uid",,,
"TRUE","organisation","client_status","period","reference_date","country | REGC | TALB | SA3 | eth_* | sex | disability | deprivation | age_band",,"corr_incarcerated_father_12mo","has_father","snz_uid",,,,,"max_date_COR_management_date","{ has_father == 1 }","entity_cohort_edu","entity_cohort_pbn","entity_cohort_ent","entity_cohort_mha","snz_uid",,,
"TRUE","organisation","client_status","period","reference_date","country | REGC | TALB | SA3 | eth_* | sex | disability | deprivation | age_band",,"corr_incarcerated_ever","age_atleast18","snz_uid",,,,,"max_date_COR_management_date","{ age_atleast18 == 1 }","entity_cohort_edu","entity_cohort_pbn","entity_cohort_ent","entity_cohort_mha","snz_uid",,,
"TRUE","organisation","client_status","period","reference_date","country | REGC | TALB | SA3 | eth_* | sex | disability | deprivation | age_band",,"corr_incarcerated_mother_ever","has_mother","snz_uid",,,,,"max_date_COR_management_date","{ has_mother ==1 }","entity_cohort_edu","entity_cohort_pbn","entity_cohort_ent","entity_cohort_mha","snz_uid",,,
"TRUE","organisation","client_status","period","reference_date","country | REGC | TALB | SA3 | eth_* | sex | disability | deprivation | age_band",,"corr_incarcerated_father_ever","has_father","snz_uid",,,,,"max_date_COR_management_date","{ has_father == 1 }","entity_cohort_edu","entity_cohort_pbn","entity_cohort_ent","entity_cohort_mha","snz_uid",,,
"TRUE","organisation","client_status","period","reference_date","country | REGC | TALB | SA3 | eth_* | sex | disability | deprivation | age_band",,"yj_fgc_12mo","age_lessthan18","snz_uid",,,,,"max_date_CYF_fgc_date","{ age_lessthan18 == 1 }","entity_cohort_edu","entity_cohort_pbn","entity_cohort_ent","entity_cohort_mha","snz_uid",,,
"TRUE","organisation","client_status","period","reference_date","country | REGC | TALB | SA3 | eth_* | sex | disability | deprivation | age_band",,"yj_placement_12mo","age_lessthan18","snz_uid",,,,,"max_date_CYF_placements_date","{ age_lessthan18 == 1 }","entity_cohort_edu","entity_cohort_pbn","entity_cohort_ent","entity_cohort_mha","snz_uid",,,
"TRUE","organisation","client_status","period","reference_date","country | REGC | TALB | SA3 | eth_* | sex | disability | deprivation | age_band",,"yj_fgc_ever","Standard","snz_uid",,,,,"max_date_CYF_fgc_date",,"entity_cohort_edu","entity_cohort_pbn","entity_cohort_ent","entity_cohort_mha","snz_uid",,,
"TRUE","organisation","client_status","period","reference_date","country | REGC | TALB | SA3 | eth_* | sex | disability | deprivation | age_band",,"yj_placement_ever","Standard","snz_uid",,,,,"max_date_CYF_placements_date",,"entity_cohort_edu","entity_cohort_pbn","entity_cohort_ent","entity_cohort_mha","snz_uid",,,
"TRUE","organisation","client_status","period","reference_date","country | REGC | TALB | SA3 | eth_* | sex | disability | deprivation | age_band",,"hnz_waitlist_12mo","age_atleast18","snz_uid",,,,,"max_date_CM_sh_waitlist_spells_date","{ age_atleast18 == 1 }","entity_cohort_edu","entity_cohort_pbn","entity_cohort_ent","entity_cohort_mha","snz_uid",,,
"TRUE","organisation","client_status","period","reference_date","country | REGC | TALB | SA3 | eth_* | sex | disability | deprivation | age_band",,"hnz_waitlist_mother_12mo","has_mother","snz_uid",,,,,"max_date_CM_sh_waitlist_spells_date","{ has_mother ==1 }","entity_cohort_edu","entity_cohort_pbn","entity_cohort_ent","entity_cohort_mha","snz_uid",,,
"TRUE","organisation","client_status","period","reference_date","country | REGC | TALB | SA3 | eth_* | sex | disability | deprivation | age_band",,"hnz_waitlist_father_12mo","has_father","snz_uid",,,,,"max_date_CM_sh_waitlist_spells_date","{ has_father == 1 }","entity_cohort_edu","entity_cohort_pbn","entity_cohort_ent","entity_cohort_mha","snz_uid",,,
"TRUE","organisation","client_status","period","reference_date","country | REGC | TALB | SA3 | eth_* | sex | disability | deprivation | age_band",,"social_housing_12mo","Standard","snz_uid",,,,,"max_date_HNZ_tenancy_hhld_snapshot_date",,"entity_cohort_edu","entity_cohort_pbn","entity_cohort_ent","entity_cohort_mha","snz_uid",,,
"TRUE","organisation","client_status","period","reference_date","country | REGC | TALB | SA3 | eth_* | sex | disability | deprivation | age_band",,"social_housing_mother_12mo","has_mother","snz_uid",,,,,"max_date_HNZ_tenancy_hhld_snapshot_date","{ has_mother ==1 }","entity_cohort_edu","entity_cohort_pbn","entity_cohort_ent","entity_cohort_mha","snz_uid",,,
"TRUE","organisation","client_status","period","reference_date","country | REGC | TALB | SA3 | eth_* | sex | disability | deprivation | age_band",,"social_housing_father_12mo","has_father","snz_uid",,,,,"max_date_HNZ_tenancy_hhld_snapshot_date","{ has_father == 1 }","entity_cohort_edu","entity_cohort_pbn","entity_cohort_ent","entity_cohort_mha","snz_uid",,,
"TRUE","organisation","client_status","period","reference_date","country | REGC | TALB | SA3 | eth_* | sex | disability | deprivation | age_band",,"emergency_housing_12mo","age_atleast18","snz_uid",,,,,"max_date_MSD_T3_expenditure_date","{ age_atleast18 == 1 }","entity_cohort_edu","entity_cohort_pbn","entity_cohort_ent","entity_cohort_mha","snz_uid",,,
"TRUE","organisation","client_status","period","reference_date","country | REGC | TALB | SA3 | eth_* | sex | disability | deprivation | age_band",,"emergency_housing_mother_12mo","has_mother","snz_uid",,,,,"max_date_MSD_T3_expenditure_date","{ has_mother ==1 }","entity_cohort_edu","entity_cohort_pbn","entity_cohort_ent","entity_cohort_mha","snz_uid",,,
"TRUE","organisation","client_status","period","reference_date","country | REGC | TALB | SA3 | eth_* | sex | disability | deprivation | age_band",,"emergency_housing_father_12mo","has_father","snz_uid",,,,,"max_date_MSD_T3_expenditure_date","{ has_father == 1 }","entity_cohort_edu","entity_cohort_pbn","entity_cohort_ent","entity_cohort_mha","snz_uid",,,
"TRUE","organisation","client_status","period","reference_date","country | REGC | TALB | SA3 | eth_* | sex | disability | deprivation | age_band",,"highest_qual_current","age_atleast16","snz_uid","highest_qual_entity",,,,"max_date_CM_highest_nqflevel_spells_date","{ age_atleast16 == 1 }","entity_cohort_edu","entity_cohort_pbn","entity_cohort_ent","entity_cohort_mha","snz_uid",,,
"TRUE","organisation","client_status","period","reference_date","country | REGC | TALB | SA3 | eth_* | sex | disability | deprivation | age_band",,"highest_qual_mother_current","has_mother","snz_uid","highest_qual_entity_mother",,,,"max_date_CM_highest_nqflevel_spells_date","{ has_mother ==1 }","entity_cohort_edu","entity_cohort_pbn","entity_cohort_ent","entity_cohort_mha","snz_uid",,,
"TRUE","organisation","client_status","period","reference_date","country | REGC | TALB | SA3 | eth_* | sex | disability | deprivation | age_band",,"highest_qual_father_current","has_father","snz_uid","highest_qual_entity_father",,,,"max_date_CM_highest_nqflevel_spells_date","{ has_father == 1 }","entity_cohort_edu","entity_cohort_pbn","entity_cohort_ent","entity_cohort_mha","snz_uid",,,
"TRUE","organisation","client_status","period","reference_date","country | REGC | TALB | SA3 | eth_* | sex | disability | deprivation | age_band",,"tert_study_current","age_atleast16","snz_uid","tertiary_entity",,,,"max_date_MOE_enrolment_date","{ age_atleast16 == 1 }","entity_cohort_edu","entity_cohort_pbn","entity_cohort_ent","entity_cohort_mha","snz_uid",,,
"TRUE","organisation","client_status","period","reference_date","country | REGC | TALB | SA3 | eth_* | sex | disability | deprivation | age_band",,"school_enrol_current","age_school","snz_uid","school_entity",,,,"max_date_MOE_student_enrol_date","{ age_school == 1 }","entity_cohort_edu","entity_cohort_pbn","entity_cohort_ent","entity_cohort_mha","snz_uid",,,
"TRUE","organisation","client_status","period","reference_date","country | REGC | TALB | SA3 | eth_* | sex | disability | deprivation | age_band",,"regular_attendance_12mo","school_enrolled","snz_uid","school_attendance_entity",,,,"max_date_CM_moe_sch_att_year_date","{ school_enrolled == 1 }","entity_cohort_edu","entity_cohort_pbn","entity_cohort_ent","entity_cohort_mha","snz_uid",,,
"TRUE","organisation","client_status","period","reference_date","country | REGC | TALB | SA3 | eth_* | sex | disability | deprivation | age_band",,"chronic_absence_12mo","school_enrolled","snz_uid","school_attendance_entity",,,,"max_date_CM_moe_sch_att_year_date","{ school_enrolled == 1 }","entity_cohort_edu","entity_cohort_pbn","entity_cohort_ent","entity_cohort_mha","snz_uid",,,
"TRUE","organisation","client_status","period","reference_date","country | REGC | TALB | SA3 | eth_* | sex | disability | deprivation | age_band",,"SSEE_exclude_expel_12mo","school_enrolled","snz_uid","SSEE_entity_12mo",,,,"max_date_MOE_student_interventions_date","{ school_enrolled == 1 }","entity_cohort_edu","entity_cohort_pbn","entity_cohort_ent","entity_cohort_mha","snz_uid",,,
"TRUE","organisation","client_status","period","reference_date","country | REGC | TALB | SA3 | eth_* | sex | disability | deprivation | age_band",,"SSEE_suspended_12mo","school_enrolled","snz_uid","SSEE_entity_12mo",,,,"max_date_MOE_student_interventions_date","{ school_enrolled == 1 }","entity_cohort_edu","entity_cohort_pbn","entity_cohort_ent","entity_cohort_mha","snz_uid",,,
"TRUE","organisation","client_status","period","reference_date","country | REGC | TALB | SA3 | eth_* | sex | disability | deprivation | age_band",,"SSEE_standdown_12mo","school_enrolled","snz_uid","SSEE_entity_12mo",,,,"max_date_MOE_student_interventions_date","{ school_enrolled == 1 }","entity_cohort_edu","entity_cohort_pbn","entity_cohort_ent","entity_cohort_mha","snz_uid",,,
"TRUE","organisation","client_status","period","reference_date","country | REGC | TALB | SA3 | eth_* | sex | disability | deprivation | age_band",,"SSEE_exclude_expel_ever","age_atleast5","snz_uid","SSEE_entity_ever",,,,"max_date_MOE_student_interventions_date","{ age_atleast5 == 1 }","entity_cohort_edu","entity_cohort_pbn","entity_cohort_ent","entity_cohort_mha","snz_uid",,,
"TRUE","organisation","client_status","period","reference_date","country | REGC | TALB | SA3 | eth_* | sex | disability | deprivation | age_band",,"SSEE_suspended_ever","age_atleast5","snz_uid","SSEE_entity_ever",,,,"max_date_MOE_student_interventions_date","{ age_atleast5 == 1 }","entity_cohort_edu","entity_cohort_pbn","entity_cohort_ent","entity_cohort_mha","snz_uid",,,
"TRUE","organisation","client_status","period","reference_date","country | REGC | TALB | SA3 | eth_* | sex | disability | deprivation | age_band",,"SSEE_standdown_ever","age_atleast5","snz_uid","SSEE_entity_ever",,,,"max_date_MOE_student_interventions_date","{ age_atleast5 == 1 }","entity_cohort_edu","entity_cohort_pbn","entity_cohort_ent","entity_cohort_mha","snz_uid",,,
"TRUE","organisation","client_status","period","reference_date","country | REGC | TALB | SA3 | eth_* | sex | disability | deprivation | age_band",,"learning_support_12mo","school_enrolled","snz_uid","learning_support_entity_12mo",,,,"max_date_MOE_student_interventions_date","{ school_enrolled == 1 }","entity_cohort_edu","entity_cohort_pbn","entity_cohort_ent","entity_cohort_mha","snz_uid",,,
"TRUE","organisation","client_status","period","reference_date","country | REGC | TALB | SA3 | eth_* | sex | disability | deprivation | age_band",,"learning_support_ever","age_atleast5","snz_uid","learning_support_entity_ever",,,,"max_date_MOE_student_interventions_date","{ age_atleast5 == 1 }","entity_cohort_edu","entity_cohort_pbn","entity_cohort_ent","entity_cohort_mha","snz_uid",,,
"TRUE","organisation","client_status","period","reference_date","country | REGC | TALB | SA3 | eth_* | sex | disability | deprivation | age_band",,"alt_ed_12mo","school_enrolled","snz_uid","alt_ed_entity_12mo",,,,"max_date_MOE_student_interventions_date","{ school_enrolled == 1 }","entity_cohort_edu","entity_cohort_pbn","entity_cohort_ent","entity_cohort_mha","snz_uid",,,
"TRUE","organisation","client_status","period","reference_date","country | REGC | TALB | SA3 | eth_* | sex | disability | deprivation | age_band",,"alt_ed_ever","age_atleast5","snz_uid","alt_ed_entity_ever",,,,"max_date_MOE_student_interventions_date","{ age_atleast5 == 1 }","entity_cohort_edu","entity_cohort_pbn","entity_cohort_ent","entity_cohort_mha","snz_uid",,,
"TRUE","organisation","client_status","period","reference_date","country | REGC | TALB | SA3 | eth_* | sex | disability | deprivation | age_band",,"attendance_service_12mo","school_enrolled","snz_uid","attendance_service_entity_12mo",,,,"max_date_MOE_student_interventions_date","{ school_enrolled == 1 }","entity_cohort_edu","entity_cohort_pbn","entity_cohort_ent","entity_cohort_mha","snz_uid",,,
"TRUE","organisation","client_status","period","reference_date","country | REGC | TALB | SA3 | eth_* | sex | disability | deprivation | age_band",,"attendance_service_ever","age_atleast5","snz_uid","attendance_service_entity_ever",,,,"max_date_MOE_student_interventions_date","{ age_atleast5 == 1 }","entity_cohort_edu","entity_cohort_pbn","entity_cohort_ent","entity_cohort_mha","snz_uid",,,
"TRUE","organisation","client_status","period","reference_date","country | REGC | TALB | SA3 | eth_* | sex | disability | deprivation | age_band",,"ece_20hr_plus","age_lessthan6","snz_uid","ece_entity",,,,"max_date_MOE_ECE_date","{ age_lessthan6 == 1 }","entity_cohort_edu","entity_cohort_pbn","entity_cohort_ent","entity_cohort_mha","snz_uid",,,
"TRUE","organisation","client_status","period","reference_date","country | REGC | TALB | SA3 | eth_* | sex | disability | deprivation | age_band",,"ece_any_attend_12mo","age_lessthan6","snz_uid","ece_entity",,,,"max_date_MOE_ECE_date","{ age_lessthan6 == 1 }","entity_cohort_edu","entity_cohort_pbn","entity_cohort_ent","entity_cohort_mha","snz_uid",,,
"TRUE","organisation","client_status","period","reference_date","country | REGC | TALB | SA3 | eth_* | sex | disability | deprivation | age_band",,"two_or_more_school_changes_nonstructural_12mo","school_enrolled","snz_uid",,,,,"max_date_MOE_student_enrol_date","{ school_enrolled == 1 }","entity_cohort_edu","entity_cohort_pbn","entity_cohort_ent","entity_cohort_mha","snz_uid",,,
"TRUE","organisation","client_status","period","reference_date","country | REGC | TALB | SA3 | eth_* | sex | disability | deprivation | age_band",,"two_or_more_school_changes_nonstructural_ever","age_atleast5","snz_uid",,,,,"max_date_MOE_student_enrol_date","{ age_atleast5 == 1 }","entity_cohort_edu","entity_cohort_pbn","entity_cohort_ent","entity_cohort_mha","snz_uid",,,
"TRUE","organisation","client_status","period","reference_date","country | REGC | TALB | SA3 | eth_* | sex | disability | deprivation | age_band",,"cohort_member_CEP","age_lessthan18","snz_uid",,,,,"max_date_CYF_placements_date","{ age_lessthan18 == 1 }","entity_cohort_edu","entity_cohort_pbn","entity_cohort_ent","entity_cohort_mha","snz_uid",,,
"TRUE","organisation","client_status","period","reference_date","country | REGC | TALB | SA3 | eth_* | sex | disability | deprivation | age_band",,"cohort_member_CIP","age_lessthan18","snz_uid",,,,,"max_date_COR_management_date","{ age_lessthan18 == 1 }","entity_cohort_edu","entity_cohort_pbn","entity_cohort_ent","entity_cohort_mha","snz_uid",,,
"TRUE","organisation","client_status","period","reference_date","country | REGC | TALB | SA3 | eth_* | sex | disability | deprivation | age_band",,"cohort_member_SSEE","age_lessthan18","snz_uid","cohort_member_SSEE_entity",,,,"max_date_MOE_student_interventions_date","{ age_lessthan18 == 1 }","entity_cohort_edu","entity_cohort_pbn","entity_cohort_ent","entity_cohort_mha","snz_uid",,,
"TRUE","organisation","client_status","period","reference_date","country | REGC | TALB | SA3 | eth_* | sex | disability | deprivation | age_band",,"cohort_member_maternal_aod_child","age_lessthan6","snz_uid",,,,,"max_date_MOH_primhd_date","{ age_lessthan6 == 1 }","entity_cohort_edu","entity_cohort_pbn","entity_cohort_ent","entity_cohort_mha","snz_uid",,,
"TRUE","organisation","client_status","period","reference_date","country | REGC | TALB | SA3 | eth_* | sex | disability | deprivation | age_band",,"cohort_member_maternal_aod_mother","age_atleast16","snz_uid",,,,,"max_date_MOH_primhd_date","{ age_atleast16 == 1 }","entity_cohort_edu","entity_cohort_pbn","entity_cohort_ent","entity_cohort_mha","snz_uid",,,
"TRUE","organisation","client_status","period","reference_date","country | REGC | TALB | SA3 | eth_* | sex | disability | deprivation | age_band",,"violent_crime_victimisations_12mo","Standard","snz_uid",,,,,"max_date_POL_pre_count_victims_date",,"entity_cohort_edu","entity_cohort_pbn","entity_cohort_ent","entity_cohort_mha","snz_uid",,,
"TRUE","organisation","client_status","period","reference_date","country | REGC | TALB | SA3 | eth_* | sex | disability | deprivation | age_band",,"violent_crime_victimisations_mother_12mo","has_mother","snz_uid",,,,,"max_date_POL_pre_count_victims_date","{ has_mother ==1 }","entity_cohort_edu","entity_cohort_pbn","entity_cohort_ent","entity_cohort_mha","snz_uid",,,
"TRUE","organisation","client_status","period","reference_date","country | REGC | TALB | SA3 | eth_* | sex | disability | deprivation | age_band",,"violent_crime_victimisations_father_12mo","has_father","snz_uid",,,,,"max_date_POL_pre_count_victims_date","{ has_father == 1 }","entity_cohort_edu","entity_cohort_pbn","entity_cohort_ent","entity_cohort_mha","snz_uid",,,
"TRUE","organisation","client_status","period","reference_date","country | REGC | TALB | SA3 | eth_* | sex | disability | deprivation | age_band",,"youth_offences_ever","age_atleast12","snz_uid",,,,,"max_date_POL_pre_count_offenders_date","{ age_atleast12 == 1 }","entity_cohort_edu","entity_cohort_pbn","entity_cohort_ent","entity_cohort_mha","snz_uid",,,
"TRUE","organisation","client_status","period","reference_date","country | REGC | TALB | SA3 | eth_* | sex | disability | deprivation | age_band",,"youth_offences_12mo","age_atleast12","snz_uid",,,,,"max_date_POL_pre_count_offenders_date","{ age_atleast12 == 1 }","entity_cohort_edu","entity_cohort_pbn","entity_cohort_ent","entity_cohort_mha","snz_uid",,,
"TRUE","organisation","client_status","period","reference_date","country | REGC | TALB | SA3 | eth_* | sex | disability | deprivation | age_band",,"ot_findings_ever","Standard","snz_uid",,,,,"max_date_CM_OT_findings_date",,"entity_cohort_edu","entity_cohort_pbn","entity_cohort_ent","entity_cohort_mha","snz_uid",,,
"TRUE","organisation","client_status","period","reference_date","country | REGC | TALB | SA3 | eth_* | sex | disability | deprivation | age_band",,"ot_findings_12mo","age_lessthan18","snz_uid",,,,,"max_date_CM_OT_findings_date","{ age_lessthan18 == 1 }","entity_cohort_edu","entity_cohort_pbn","entity_cohort_ent","entity_cohort_mha","snz_uid",,,
"TRUE","organisation","client_status","period","reference_date","country | REGC | TALB | SA3 | eth_* | sex | disability | deprivation | age_band",,"full_imms_5yr","age_imms","snz_uid",,,,,"max_date_MOH_immunisations_date","{ age_imms == 1 }","entity_cohort_edu","entity_cohort_pbn","entity_cohort_ent","entity_cohort_mha","snz_uid",,,
"TRUE","organisation","client_status","period","reference_date","country | REGC | TALB | SA3 | eth_* | sex | disability | deprivation | age_band",,"ace_score_4_or_over","age_lessthan18","snz_uid",,,,,"max_date_CM_family_sexual_violence_date","{ age_lessthan18 == 1 }","entity_cohort_edu","entity_cohort_pbn","entity_cohort_ent","entity_cohort_mha","snz_uid",,,
"TRUE","organisation","client_status","period","reference_date","country | REGC | TALB | SA3 | eth_* | sex | disability | deprivation | age_band",,"b4sc_concerning_peds","had_peds","snz_uid",,,,,"max_date_MOH_B4SC_date","{ had_peds == 1 }","entity_cohort_edu","entity_cohort_pbn","entity_cohort_ent","entity_cohort_mha","snz_uid",,,
"TRUE","organisation","client_status","period","reference_date","country | REGC | TALB | SA3 | eth_* | sex | disability | deprivation | age_band",,"b4sc_sdq_17_or_over","had_sdq","snz_uid",,,,,"max_date_MOH_B4SC_date","{ had_sdq == 1 }","entity_cohort_edu","entity_cohort_pbn","entity_cohort_ent","entity_cohort_mha","snz_uid",,,
"TRUE","organisation","client_status","period","reference_date","country | REGC | TALB | SA3 | eth_* | sex | disability | deprivation | age_band",,"had_B4SC","res_age_4","snz_uid",,,,,"max_date_MOH_B4SC_date","{ res_age_4 == 1 }","entity_cohort_edu","entity_cohort_pbn","entity_cohort_ent","entity_cohort_mha","snz_uid",,,
"TRUE","organisation","client_status","period","reference_date","country | REGC | TALB | SA3 | eth_* | sex | disability | deprivation | age_band",,"SNG_basics_12mo","age_atleast18","snz_uid",,,,,"max_date_CM_msd_ise_adhoc_date","{ age_atleast18 == 1 }","entity_cohort_edu","entity_cohort_pbn","entity_cohort_ent","entity_cohort_mha","snz_uid",,,
"TRUE","organisation","client_status","period","reference_date","country | REGC | TALB | SA3 | eth_* | sex | disability | deprivation | age_band",,"SNG_basics_mother_12mo","has_mother","snz_uid",,,,,"max_date_CM_msd_ise_adhoc_date","{ has_mother ==1 }","entity_cohort_edu","entity_cohort_pbn","entity_cohort_ent","entity_cohort_mha","snz_uid",,,
"TRUE","organisation","client_status","period","reference_date","country | REGC | TALB | SA3 | eth_* | sex | disability | deprivation | age_band",,"SNG_basics_father_12mo","has_father","snz_uid",,,,,"max_date_CM_msd_ise_adhoc_date","{ has_father == 1 }","entity_cohort_edu","entity_cohort_pbn","entity_cohort_ent","entity_cohort_mha","snz_uid",,,
"TRUE","organisation","client_status","period","reference_date","country | REGC | TALB | SA3 | eth_* | sex | disability | deprivation | age_band",,"ACC_supports_12mo","Standard","snz_uid",,,,,"max_date_ACC_claims_date",,"entity_cohort_edu","entity_cohort_pbn","entity_cohort_ent","entity_cohort_mha","snz_uid",,,
"TRUE","organisation","client_status","period","reference_date","country | REGC | TALB | SA3 | eth_* | sex | disability | deprivation | age_band",,"ACC_supports_mother_12mo","has_mother","snz_uid",,,,,"max_date_ACC_claims_date","{ has_mother ==1 }","entity_cohort_edu","entity_cohort_pbn","entity_cohort_ent","entity_cohort_mha","snz_uid",,,
"TRUE","organisation","client_status","period","reference_date","country | REGC | TALB | SA3 | eth_* | sex | disability | deprivation | age_band",,"ACC_supports_father_12mo","has_father","snz_uid",,,,,"max_date_ACC_claims_date","{ has_father == 1 }","entity_cohort_edu","entity_cohort_pbn","entity_cohort_ent","entity_cohort_mha","snz_uid",,,
"TRUE","organisation","client_status","period","reference_date","country | REGC | TALB | SA3 | eth_* | sex | disability | deprivation | age_band",,"B4SC_followup","had_b4sc","snz_uid",,,,,"max_date_MOH_B4SC_date","{ had_b4sc == 1 }","entity_cohort_edu","entity_cohort_pbn","entity_cohort_ent","entity_cohort_mha","snz_uid",,,
"TRUE","organisation","client_status","period","reference_date","country | REGC | TALB | SA3 | eth_* | sex | disability | deprivation | age_band",,"SNG_food_12mo","age_atleast18","snz_uid",,,,,"max_date_CM_msd_ise_adhoc_date","{ age_atleast18 == 1 }","entity_cohort_edu","entity_cohort_pbn","entity_cohort_ent","entity_cohort_mha","snz_uid",,,
"TRUE","organisation","client_status","period","reference_date","country | REGC | TALB | SA3 | eth_* | sex | disability | deprivation | age_band",,"SNG_food_mother_12mo","has_mother","snz_uid",,,,,"max_date_CM_msd_ise_adhoc_date","{ has_mother ==1 }","entity_cohort_edu","entity_cohort_pbn","entity_cohort_ent","entity_cohort_mha","snz_uid",,,
"TRUE","organisation","client_status","period","reference_date","country | REGC | TALB | SA3 | eth_* | sex | disability | deprivation | age_band",,"SNG_food_father_12mo","has_father","snz_uid",,,,,"max_date_CM_msd_ise_adhoc_date","{ has_father == 1 }","entity_cohort_edu","entity_cohort_pbn","entity_cohort_ent","entity_cohort_mha","snz_uid",,,
"TRUE","organisation","client_status","period","reference_date","country | REGC | TALB | SA3 | eth_* | sex | disability | deprivation | age_band",,"acc_injuries_caregiver_12mo","has_caregiver","snz_uid",,,,,"max_date_ACC_claims_date","{ has_caregiver == 1 }","entity_cohort_edu","entity_cohort_pbn","entity_cohort_ent","entity_cohort_mha","snz_uid",,,
"TRUE","organisation","client_status","period","reference_date","country | REGC | TALB | SA3 | eth_* | sex | disability | deprivation | age_band",,"ACC_supports_caregiver_12mo","has_caregiver","snz_uid",,,,,"max_date_ACC_claims_date","{ has_caregiver == 1 }","entity_cohort_edu","entity_cohort_pbn","entity_cohort_ent","entity_cohort_mha","snz_uid",,,
"TRUE","organisation","client_status","period","reference_date","country | REGC | TALB | SA3 | eth_* | sex | disability | deprivation | age_band",,"alcohol_offences_caregiver_12mo","has_caregiver","snz_uid",,,,,"max_date_POL_pre_count_offenders_date","{ has_caregiver == 1 }","entity_cohort_edu","entity_cohort_pbn","entity_cohort_ent","entity_cohort_mha","snz_uid",,,
"TRUE","organisation","client_status","period","reference_date","country | REGC | TALB | SA3 | eth_* | sex | disability | deprivation | age_band",,"avoid_hosp_ash_pah_caregiver_12mo","has_caregiver","snz_uid",,,,,"max_date_MOH_nnpac_date","{ has_caregiver == 1 }","entity_cohort_edu","entity_cohort_pbn","entity_cohort_ent","entity_cohort_mha","snz_uid",,,
"TRUE","organisation","client_status","period","reference_date","country | REGC | TALB | SA3 | eth_* | sex | disability | deprivation | age_band",,"below_med_income_caregiver_12mo","has_caregiver","snz_uid",,,,,"max_date_CM_income_t2_total_income_date","{ has_caregiver == 1 }","entity_cohort_edu","entity_cohort_pbn","entity_cohort_ent","entity_cohort_mha","snz_uid",,,
"TRUE","organisation","client_status","period","reference_date","country | REGC | TALB | SA3 | eth_* | sex | disability | deprivation | age_band",,"corr_any_caregiver_12mo","has_caregiver","snz_uid",,,,,"max_date_COR_management_date","{ has_caregiver == 1 }","entity_cohort_edu","entity_cohort_pbn","entity_cohort_ent","entity_cohort_mha","snz_uid",,,
"TRUE","organisation","client_status","period","reference_date","country | REGC | TALB | SA3 | eth_* | sex | disability | deprivation | age_band",,"corr_incarcerated_caregiver_12mo","has_caregiver","snz_uid",,,,,"max_date_COR_management_date","{ has_caregiver == 1 }","entity_cohort_edu","entity_cohort_pbn","entity_cohort_ent","entity_cohort_mha","snz_uid",,,
"TRUE","organisation","client_status","period","reference_date","country | REGC | TALB | SA3 | eth_* | sex | disability | deprivation | age_band",,"corr_incarcerated_caregiver_ever","has_caregiver","snz_uid",,,,,"max_date_COR_management_date","{ has_caregiver == 1 }","entity_cohort_edu","entity_cohort_pbn","entity_cohort_ent","entity_cohort_mha","snz_uid",,,
"TRUE","organisation","client_status","period","reference_date","country | REGC | TALB | SA3 | eth_* | sex | disability | deprivation | age_band",,"court_charges_caregiver_12mo","has_caregiver","snz_uid",,,,,"max_date_MOJ_charges_date","{ has_caregiver == 1 }","entity_cohort_edu","entity_cohort_pbn","entity_cohort_ent","entity_cohort_mha","snz_uid",,,
"TRUE","organisation","client_status","period","reference_date","country | REGC | TALB | SA3 | eth_* | sex | disability | deprivation | age_band",,"court_charges_caregiver_ever","has_caregiver","snz_uid",,,,,"max_date_MOJ_charges_date","{ has_caregiver == 1 }","entity_cohort_edu","entity_cohort_pbn","entity_cohort_ent","entity_cohort_mha","snz_uid",,,
"TRUE","organisation","client_status","period","reference_date","country | REGC | TALB | SA3 | eth_* | sex | disability | deprivation | age_band",,"crime_victimisations_caregiver_12mo","has_caregiver","snz_uid",,,,,"max_date_POL_pre_count_victims_date","{ has_caregiver == 1 }","entity_cohort_edu","entity_cohort_pbn","entity_cohort_ent","entity_cohort_mha","snz_uid",,,
"TRUE","organisation","client_status","period","reference_date","country | REGC | TALB | SA3 | eth_* | sex | disability | deprivation | age_band",,"dl_holder_full_caregiver_current","has_caregiver","snz_uid",,,,,"max_date_CM_nzta_driver_licences_status_date","{ has_caregiver == 1 }","entity_cohort_edu","entity_cohort_pbn","entity_cohort_ent","entity_cohort_mha","snz_uid",,,
"TRUE","organisation","client_status","period","reference_date","country | REGC | TALB | SA3 | eth_* | sex | disability | deprivation | age_band",,"dl_holder_caregiver_current","has_caregiver","snz_uid",,,,,"max_date_CM_nzta_driver_licences_status_date","{ has_caregiver == 1 }","entity_cohort_edu","entity_cohort_pbn","entity_cohort_ent","entity_cohort_mha","snz_uid",,,
"TRUE","organisation","client_status","period","reference_date","country | REGC | TALB | SA3 | eth_* | sex | disability | deprivation | age_band",,"drug_offences_caregiver_12mo","has_caregiver","snz_uid",,,,,"max_date_POL_pre_count_offenders_date","{ has_caregiver == 1 }","entity_cohort_edu","entity_cohort_pbn","entity_cohort_ent","entity_cohort_mha","snz_uid",,,
"TRUE","organisation","client_status","period","reference_date","country | REGC | TALB | SA3 | eth_* | sex | disability | deprivation | age_band",,"ED_visits_caregiver_12mo","has_caregiver","snz_uid",,,,,"max_date_MOH_nnpac_date","{ has_caregiver == 1 }","entity_cohort_edu","entity_cohort_pbn","entity_cohort_ent","entity_cohort_mha","snz_uid",,,
"TRUE","organisation","client_status","period","reference_date","country | REGC | TALB | SA3 | eth_* | sex | disability | deprivation | age_band",,"emergency_housing_caregiver_12mo","has_caregiver","snz_uid",,,,,"max_date_MSD_T3_expenditure_date","{ has_caregiver == 1 }","entity_cohort_edu","entity_cohort_pbn","entity_cohort_ent","entity_cohort_mha","snz_uid",,,
"TRUE","organisation","client_status","period","reference_date","country | REGC | TALB | SA3 | eth_* | sex | disability | deprivation | age_band",,"employed_caregiver_12mo","has_caregiver","snz_uid",,,,,"max_date_IRD_ems_date","{ has_caregiver == 1 }","entity_cohort_edu","entity_cohort_pbn","entity_cohort_ent","entity_cohort_mha","snz_uid",,,
"TRUE","organisation","client_status","period","reference_date","country | REGC | TALB | SA3 | eth_* | sex | disability | deprivation | age_band",,"employed_caregiver_6mo_12mo","has_caregiver","snz_uid",,,,,"max_date_IRD_ems_date","{ has_caregiver == 1 }","entity_cohort_edu","entity_cohort_pbn","entity_cohort_ent","entity_cohort_mha","snz_uid",,,
"TRUE","organisation","client_status","period","reference_date","country | REGC | TALB | SA3 | eth_* | sex | disability | deprivation | age_band",,"FVSV_victim_caregiver_12mo","has_caregiver","snz_uid",,,,,"max_date_CM_family_sexual_violence_date","{ has_caregiver == 1 }","entity_cohort_edu","entity_cohort_pbn","entity_cohort_ent","entity_cohort_mha","snz_uid",,,
"TRUE","organisation","client_status","period","reference_date","country | REGC | TALB | SA3 | eth_* | sex | disability | deprivation | age_band",,"FVSV_victim_caregiver_ever","has_caregiver","snz_uid",,,,,"max_date_CM_family_sexual_violence_date","{ has_caregiver == 1 }","entity_cohort_edu","entity_cohort_pbn","entity_cohort_ent","entity_cohort_mha","snz_uid",,,
"TRUE","organisation","client_status","period","reference_date","country | REGC | TALB | SA3 | eth_* | sex | disability | deprivation | age_band",,"highest_qual_caregiver_current","has_caregiver","snz_uid","highest_qual_entity_caregiver",,,,"max_date_CM_highest_nqflevel_spells_date","{ has_caregiver == 1 }","entity_cohort_edu","entity_cohort_pbn","entity_cohort_ent","entity_cohort_mha","snz_uid",,,
"TRUE","organisation","client_status","period","reference_date","country | REGC | TALB | SA3 | eth_* | sex | disability | deprivation | age_band",,"hnz_waitlist_caregiver_12mo","has_caregiver","snz_uid",,,,,"max_date_CM_sh_waitlist_spells_date","{ has_caregiver == 1 }","entity_cohort_edu","entity_cohort_pbn","entity_cohort_ent","entity_cohort_mha","snz_uid",,,
"TRUE","organisation","client_status","period","reference_date","country | REGC | TALB | SA3 | eth_* | sex | disability | deprivation | age_band",,"Hospitalisations_caregiver_12mo","has_caregiver","snz_uid",,,,,"max_date_MOH_public_hospital_event_date","{ has_caregiver == 1 }","entity_cohort_edu","entity_cohort_pbn","entity_cohort_ent","entity_cohort_mha","snz_uid",,,
"TRUE","organisation","client_status","period","reference_date","country | REGC | TALB | SA3 | eth_* | sex | disability | deprivation | age_band",,"JSWR_caregiver_12mo","has_caregiver","snz_uid",,,,,"max_date_CM_msd_ise_main_benefit_date","{ has_caregiver == 1 }","entity_cohort_edu","entity_cohort_pbn","entity_cohort_ent","entity_cohort_mha","snz_uid",,,
"TRUE","organisation","client_status","period","reference_date","country | REGC | TALB | SA3 | eth_* | sex | disability | deprivation | age_band",,"JSWR_caregiver_6mo_12mo","has_caregiver","snz_uid",,,,,"max_date_CM_msd_ise_main_benefit_date","{ has_caregiver == 1 }","entity_cohort_edu","entity_cohort_pbn","entity_cohort_ent","entity_cohort_mha","snz_uid",,,
"TRUE","organisation","client_status","period","reference_date","country | REGC | TALB | SA3 | eth_* | sex | disability | deprivation | age_band",,"main_benefit_caregiver_12mo","has_caregiver","snz_uid",,,,,"max_date_CM_msd_ise_main_benefit_date","{ has_caregiver == 1 }","entity_cohort_edu","entity_cohort_pbn","entity_cohort_ent","entity_cohort_mha","snz_uid",,,
"TRUE","organisation","client_status","period","reference_date","country | REGC | TALB | SA3 | eth_* | sex | disability | deprivation | age_band",,"main_benefit_caregiver_6mo_12mo","has_caregiver","snz_uid",,,,,"max_date_CM_msd_ise_main_benefit_date","{ has_caregiver == 1 }","entity_cohort_edu","entity_cohort_pbn","entity_cohort_ent","entity_cohort_mha","snz_uid",,,
"TRUE","organisation","client_status","period","reference_date","country | REGC | TALB | SA3 | eth_* | sex | disability | deprivation | age_band",,"MHA_service_caregiver_12mo","has_caregiver","snz_uid",,,,"MHA_entity_caregiver_12mo","max_date_MOH_primhd_date","{ has_caregiver == 1 }","entity_cohort_edu","entity_cohort_pbn","entity_cohort_ent","entity_cohort_mha","snz_uid",,,
"TRUE","organisation","client_status","period","reference_date","country | REGC | TALB | SA3 | eth_* | sex | disability | deprivation | age_band",,"MHA_service_caregiver_ever","has_caregiver","snz_uid",,,,"MHA_entity_caregiver_ever","max_date_MOH_primhd_date","{ has_caregiver == 1 }","entity_cohort_edu","entity_cohort_pbn","entity_cohort_ent","entity_cohort_mha","snz_uid",,,
"TRUE","organisation","client_status","period","reference_date","country | REGC | TALB | SA3 | eth_* | sex | disability | deprivation | age_band",,"non_violent_offences_caregiver_12mo","has_caregiver","snz_uid",,,,,"max_date_POL_pre_count_offenders_date","{ has_caregiver == 1 }","entity_cohort_edu","entity_cohort_pbn","entity_cohort_ent","entity_cohort_mha","snz_uid",,,
"TRUE","organisation","client_status","period","reference_date","country | REGC | TALB | SA3 | eth_* | sex | disability | deprivation | age_band",,"pharmaceutical_drugs_caregiver_12mo","has_caregiver","snz_uid",,,,,"max_date_MOH_pharmaceutical_date","{ has_caregiver == 1 }","entity_cohort_edu","entity_cohort_pbn","entity_cohort_ent","entity_cohort_mha","snz_uid",,,
"TRUE","organisation","client_status","period","reference_date","country | REGC | TALB | SA3 | eth_* | sex | disability | deprivation | age_band",,"pho_enrolment_caregiver_current","has_caregiver","snz_uid",,,,,"max_date_MOH_nes_enrolment_date","{ has_caregiver == 1 }","entity_cohort_edu","entity_cohort_pbn","entity_cohort_ent","entity_cohort_mha","snz_uid",,,
"TRUE","organisation","client_status","period","reference_date","country | REGC | TALB | SA3 | eth_* | sex | disability | deprivation | age_band",,"police_interactions_any_caregiver_12mo","has_caregiver","snz_uid",,,,,"max_date_POL_nia_links_date","{ has_caregiver == 1 }","entity_cohort_edu","entity_cohort_pbn","entity_cohort_ent","entity_cohort_mha","snz_uid",,,
"TRUE","organisation","client_status","period","reference_date","country | REGC | TALB | SA3 | eth_* | sex | disability | deprivation | age_band",,"SNG_basics_caregiver_12mo","has_caregiver","snz_uid",,,,,"max_date_CM_msd_ise_adhoc_date","{ has_caregiver == 1 }","entity_cohort_edu","entity_cohort_pbn","entity_cohort_ent","entity_cohort_mha","snz_uid",,,
"TRUE","organisation","client_status","period","reference_date","country | REGC | TALB | SA3 | eth_* | sex | disability | deprivation | age_band",,"SNG_food_caregiver_12mo","has_caregiver","snz_uid",,,,,"max_date_CM_msd_ise_adhoc_date","{ has_caregiver == 1 }","entity_cohort_edu","entity_cohort_pbn","entity_cohort_ent","entity_cohort_mha","snz_uid",,,
"TRUE","organisation","client_status","period","reference_date","country | REGC | TALB | SA3 | eth_* | sex | disability | deprivation | age_band",,"social_housing_caregiver_12mo","has_caregiver","snz_uid",,,,,"max_date_HNZ_tenancy_hhld_snapshot_date","{ has_caregiver == 1 }","entity_cohort_edu","entity_cohort_pbn","entity_cohort_ent","entity_cohort_mha","snz_uid",,,
"TRUE","organisation","client_status","period","reference_date","country | REGC | TALB | SA3 | eth_* | sex | disability | deprivation | age_band",,"SPS_caregiver_12mo","has_caregiver","snz_uid",,,,,"max_date_CM_msd_ise_main_benefit_date","{ has_caregiver == 1 }","entity_cohort_edu","entity_cohort_pbn","entity_cohort_ent","entity_cohort_mha","snz_uid",,,
"TRUE","organisation","client_status","period","reference_date","country | REGC | TALB | SA3 | eth_* | sex | disability | deprivation | age_band",,"SPS_caregiver_6mo_12mo","has_caregiver","snz_uid",,,,,"max_date_CM_msd_ise_main_benefit_date","{ has_caregiver == 1 }","entity_cohort_edu","entity_cohort_pbn","entity_cohort_ent","entity_cohort_mha","snz_uid",,,
"TRUE","organisation","client_status","period","reference_date","country | REGC | TALB | SA3 | eth_* | sex | disability | deprivation | age_band",,"violent_crime_victimisations_caregiver_12mo","has_caregiver","snz_uid",,,,,"max_date_POL_pre_count_victims_date","{ has_caregiver == 1 }","entity_cohort_edu","entity_cohort_pbn","entity_cohort_ent","entity_cohort_mha","snz_uid",,,
"TRUE","organisation","client_status","period","reference_date","country | REGC | TALB | SA3 | eth_* | sex | disability | deprivation | age_band",,"violent_offences_caregiver_12mo","has_caregiver","snz_uid",,,,,"max_date_POL_pre_count_offenders_date","{ has_caregiver == 1 }","entity_cohort_edu","entity_cohort_pbn","entity_cohort_ent","entity_cohort_mha","snz_uid",,,
"TRUE","organisation","client_status","period","reference_date","country | REGC | TALB | SA3 | eth_* | sex | disability | deprivation | age_band",,"DSS_12mo","Standard","snz_uid",,,,,"max_date_MOH_DSS_date",,"entity_cohort_edu","entity_cohort_pbn","entity_cohort_ent","entity_cohort_mha","snz_uid",,,
"TRUE","organisation","client_status","period","reference_date","country | REGC | TALB | SA3 | eth_* | sex | disability | deprivation | age_band",,"DSS_mother_12mo","has_mother","snz_uid",,,,,"max_date_MOH_DSS_date","{ has_mother ==1 }","entity_cohort_edu","entity_cohort_pbn","entity_cohort_ent","entity_cohort_mha","snz_uid",,,
"TRUE","organisation","client_status","period","reference_date","country | REGC | TALB | SA3 | eth_* | sex | disability | deprivation | age_band",,"DSS_father_12mo","has_father","snz_uid",,,,,"max_date_MOH_DSS_date","{ has_father == 1 }","entity_cohort_edu","entity_cohort_pbn","entity_cohort_ent","entity_cohort_mha","snz_uid",,,
"TRUE","organisation","client_status","period","reference_date","country | REGC | TALB | SA3 | eth_* | sex | disability | deprivation | age_band",,"DSS_caregiver_12mo","has_caregiver","snz_uid",,,,,"max_date_MOH_DSS_date","{ has_caregiver == 1 }","entity_cohort_edu","entity_cohort_pbn","entity_cohort_ent","entity_cohort_mha","snz_uid",,,
"TRUE","organisation","client_status","period","reference_date","country | REGC | TALB | SA3 | eth_* | sex | disability | deprivation | age_band",,"DSS_ever","Standard","snz_uid",,,,,"max_date_MOH_DSS_date",,"entity_cohort_edu","entity_cohort_pbn","entity_cohort_ent","entity_cohort_mha","snz_uid",,,
"TRUE","organisation","client_status","period","reference_date","country | REGC | TALB | SA3 | eth_* | sex | disability | deprivation | age_band",,"DSS_mother_ever","has_mother","snz_uid",,,,,"max_date_MOH_DSS_date","{ has_mother ==1 }","entity_cohort_edu","entity_cohort_pbn","entity_cohort_ent","entity_cohort_mha","snz_uid",,,
"TRUE","organisation","client_status","period","reference_date","country | REGC | TALB | SA3 | eth_* | sex | disability | deprivation | age_band",,"DSS_father_ever","has_father","snz_uid",,,,,"max_date_MOH_DSS_date","{ has_father == 1 }","entity_cohort_edu","entity_cohort_pbn","entity_cohort_ent","entity_cohort_mha","snz_uid",,,
"TRUE","organisation","client_status","period","reference_date","country | REGC | TALB | SA3 | eth_* | sex | disability | deprivation | age_band",,"DSS_caregiver_ever","has_caregiver","snz_uid",,,,,"max_date_MOH_DSS_date","{ has_caregiver == 1 }","entity_cohort_edu","entity_cohort_pbn","entity_cohort_ent","entity_cohort_mha","snz_uid",,,
,,,,,,,,,,,,,,,,,,,,,,,
,,,,,,,,,,,,,,,,,,,,,,,
,,,,,,,,,,,,,,,,,,,,,,,
,,,,,,,,,,,,,,,,,,,,,,,
,,,,,,,,,,,,,,,,,,,,,,,
,,,,,,,,,,,,,,,,,,,,,,,
,,,,,,,,,,,,,,,,,,,,,,,
,,,,,,,,,,,,,,,,,,,,,,,
,,,,,,,,,,,,,,,,,,,,,,,
,,,,,,,,,,,,,,,,,,,,,,,
,,,,,,,,,,,,,,,,,,,,,,,
,,,,,,,,,,,,,,,,,,,,,,,
,,,,,,,,,,,,,,,,,,,,,,,
,,,,,,,,,,,,,,,,,,,,,,,
,,,,,,,,,,,,,,,,,,,,,,,
,,,,,,,,,,,,,,,,,,,,,,,
,,,,,,,,,,,,,,,,,,,,,,,
,,,,,,,,,,,,,,,,,,,,,,,
,,,,,,,,,,,,,,,,,,,,,,,
,,,,,,,,,,,,,,,,,,,,,,,
,,,,,,,,,,,,,,,,,,,,,,,
,,,,,,,,,,,,,,,,,,,,,,,
,,,,,,,,,,,,,,,,,,,,,,,
,,,,,,,,,,,,,,,,,,,,,,,
,,,,,,,,,,,,,,,,,,,,,,,
,,,,,,,,,,,,,,,,,,,,,,,
,,,,,,,,,,,,,,,,,,,,,,,
,,,,,,,,,,,,,,,,,,,,,,,
,,,,,,,,,,,,,,,,,,,,,,,
,,,,,,,,,,,,,,,,,,,,,,,
,,,,,,,,,,,,,,,,,,,,,,,
,,,,,,,,,,,,,,,,,,,,,,,
,,,,,,,,,,,,,,,,,,,,,,,
,,,,,,,,,,,,,,,,,,,,,,,
